{"f1-score": 0.6092017308542148, "k5_cross_val": 0.7292903225806453}